Name,Email,Message
Kristen Hicks,faithsilva@example.com,Imagine capital Congress next.
Curtis Hernandez,lauren48@example.net,Data against wonder treatment drive computer tree.
Justin Robinson,guerradarius@example.org,Attorney describe pressure south less.
Karen Simmons MD,williamscollin@example.net,Again company town left voice popular.
Janet Murray,christopher35@example.org,History rich next.
Andrew Bennett,michael22@example.com,Clear form bag.
Timothy Wallace,cdavies@example.org,Determine campaign work agree election concern.
Lynn Barnett,meghan30@example.org,Red stand drive again.
Jillian Perez,jenniferskinner@example.com,Cause result also.
Donna Peterson,cgibson@example.org,Interesting economic society general a near consider include.
Joseph Bradford,smithdaryl@example.com,Serve either discuss relationship necessary election store situation.
Amber Torres,stefaniebrown@example.net,Can concern purpose third.
Katherine Smith,sandy34@example.com,Address look cut example factor to civil she.
Christopher Holmes,deborahcopeland@example.net,War least rule.
David Moss,donaldrussell@example.com,Late to water face miss.
Christopher Williams,ygregory@example.net,Risk stock account compare than change everything detail.
Nicole Chambers,snowgary@example.net,Including a which effect great rock.
Isaiah Benton,jason01@example.com,Sing agreement form give note.
Mary Reilly,danielwillis@example.com,Product public relate eat.
Thomas Hawkins,ybean@example.org,Notice huge scene close street test same.
Betty Chen,amy32@example.com,Nearly number everything player father data recently.
James Chandler,kimberlyjohnson@example.org,Table mean tonight yes around.
Kathleen Peterson,daniellelarson@example.org,Media require they sort.
Christopher Nash,brandonsmith@example.org,During produce process instead note education.
Gavin Perry,rsmith@example.com,Way well interest section though.
Susan Chavez,mark05@example.org,So line language.
Megan Roberts,jamesherrera@example.org,White trip mention husband help religious material.
Jessica Jackson,chandleralexander@example.org,Condition series my key spring.
Raven Powell,kylereynolds@example.org,Describe sense through life hundred billion whole study.
Joshua Tyler,obriencandice@example.net,Room throw choice position candidate act.
Alexander Garcia,ogarcia@example.net,Increase court hair city from read.
Shawn Dorsey,matthew08@example.net,Only when suddenly half.
Christine Phelps,robert88@example.org,Treat reason company my though condition.
Joshua Miles,clarkdebra@example.org,Election most across difference answer.
Deanna Jackson,alishaweber@example.net,Deep music different adult region.
Stephanie Ferguson,dawn83@example.net,Safe I word our.
Antonio Riley,joseph22@example.net,Including apply candidate pull better.
Samantha West,frederickrachel@example.com,Can rate best instead speech short those.
Michael Ford,wchurch@example.com,Life health side together service.
Scott Estrada,joannamerritt@example.net,Mr science leg report drug population of.
Daniel Wade,lucasramirez@example.org,Him agent stuff join.
Jonathan Phillips,rdavis@example.net,Kitchen we push car actually.
Crystal Choi,zolson@example.org,Perform anyone live moment store ago.
Erin Alvarez,sotobrittney@example.org,Speak total against.
Bradley Valdez,drakegregory@example.org,Fund street food each natural account image she.
Connie Fischer,edwardnoble@example.org,She short off serious behavior task actually.
William Chandler,elizabethdaniels@example.com,Here moment rather can avoid within.
Krystal Wilson,thompsonrobert@example.net,Career apply use year.
Oscar Klein,scampbell@example.org,Cut five feeling civil action there.
Eric Clark,mathislarry@example.net,Difficult blood visit ten occur Congress save.
Erica Foster,ubennett@example.org,Always own season perhaps training gun prove.
Christopher Weiss,greencarrie@example.net,Public certainly head growth.
Robert Evans,michellegray@example.com,Young stop nearly staff.
Dennis Gill,grahammary@example.net,Already itself job stand nice only draw sing.
Cristina Fritz,kimberly47@example.org,Card specific attorney.
Justin Jimenez,joemoore@example.net,Become poor measure seat find spring.
Bradley Lee,stephaniegilbert@example.net,Mouth production table that ahead stock single.
Anthony Webster,natashamorgan@example.com,Amount price focus hour.
Jane Brown,daleanderson@example.net,Tend style interview behavior foot.
Hunter Murray,barbara24@example.org,Within fly today director daughter then audience force.
Tammie Alvarado,adammeyer@example.org,To just black involve stand whom eat.
Christina Tucker,ymitchell@example.net,By identify enough difference.
Brenda Powell,daniel23@example.com,Soldier education agency receive certainly put.
Mrs. Jamie Baxter,sarah07@example.com,Stuff finally include dream professional yeah today.
Elizabeth Colon,tristancarlson@example.net,Measure other young worry.
Kelly Martin,jaimephillips@example.com,Study prevent maybe.
Brianna Hanson,sarahbennett@example.org,Yard mouth another heavy different.
Joshua Knapp,bjones@example.com,Rather someone here hot pressure build.
Anthony Smith,mcdowelljason@example.org,Service car laugh do action first treat culture.
Ashley Simmons,rodriguezgail@example.org,Suffer choice poor science.
Lindsay Walton,patty49@example.net,Federal stand test list.
Michael Mendez,bakerbrooke@example.org,Black fire require democratic.
Valerie Tucker,oanderson@example.com,Sport student speech write their report.
Wanda Reeves,emilysherman@example.com,Stage nation especially yet movement generation will.
Emily Park,scampbell@example.net,Man better product majority center make.
Ian Brown,alyssalowe@example.net,Party fire action travel.
Wayne Mendoza,stantonmatthew@example.com,Hand behind three boy.
Kenneth Young,zmurphy@example.org,Sell evidence stuff require sound woman force question.
Laura Walker,joy42@example.com,Experience head Congress law toward edge.
Janet Dean,amayer@example.com,Economy fact experience check explain catch.
David Gutierrez,jessicastephens@example.com,Window blood prevent office population concern meeting.
Cynthia Steele,scampbell@example.com,Skill find alone fish.
Nathan Shepherd,bobby55@example.com,Ready message shoulder.
Cheryl Williams,kevin03@example.net,Treat remember relate visit.
David Sims,rebeccascott@example.net,News own southern really product position action.
Joshua Warren,branchdanielle@example.com,Serious news magazine evening.
Pamela Thompson,ugibson@example.org,Put data computer.
Elizabeth Schultz,kruiz@example.org,Material protect security.
Thomas Roy,maria22@example.org,Summer they lead choice.
Natalie Holder,rebeccapierce@example.org,Film evidence place major PM where understand tree.
Heather West,charlesanderson@example.net,Expert model teacher figure toward end season.
Jeffrey Weber,smiller@example.com,Bit future scene city evening summer learn start.
Ryan Munoz,smccoy@example.net,Thing produce physical behind.
Laura Thompson,judyknapp@example.net,Good year pressure determine.
Steven Turner,georgecaroline@example.com,Stock positive art.
Maureen Munoz MD,williamcooper@example.org,Price father table PM their water most.
Heidi Richardson,alexandramoore@example.com,Pressure billion action people behavior.
Matthew Brooks,fnguyen@example.com,Town article court few kind send style practice.
Allison Mccoy,wrightrichard@example.net,Adult chair child.
Jocelyn Delacruz,gatesronald@example.net,Operation benefit former break outside carry front.
Erika Burnett,cathy80@example.net,Interview building news thought chance though.
Heidi Thompson,banksbrenda@example.com,Environmental certain stuff thing long serve.
Natalie Ruiz,davidgonzales@example.org,Agency seem activity new window once election believe.
Debbie Oneill,ojones@example.net,General reality lawyer free realize account share.
Mary Young,andrew97@example.net,Question plant site south.
Derek Barton,swilliams@example.net,Without information food relate appear degree.
Douglas Richardson,lisa63@example.com,Somebody note program she onto.
Nancy Brown,murraydestiny@example.net,Personal laugh above outside least way bring.
James Reynolds,scottgrant@example.org,Interesting go fly drive first five option.
Larry Hunt,david36@example.com,Be important do area professional.
Tina Powers,hector25@example.org,Another individual protect group many himself anyone.
Tracey Powell,jamesmcmahon@example.com,Eye room resource around task.
Katelyn Olsen,marccampos@example.com,Debate police purpose.
Matthew Pearson,paulcastro@example.com,Professor land figure serve only.
Tony Garcia,allenmcdaniel@example.net,Recognize about life happy soon campaign customer.
Parker Villegas,davidhaley@example.com,Page city center memory everyone indicate.
Michael Leonard,brandonwilkinson@example.net,Particular unit girl training then staff and.
Jay Mendoza,cardenasgeorge@example.net,Explain check seek need.
Isaiah Castillo,elizabeth03@example.net,Stuff focus area fact.
Kimberly Warren,cquinn@example.org,In outside off national trip.
Lauren Mccann,stokesrobert@example.com,Century itself along those.
John Lucas,vharris@example.org,Media although although give include sit whatever.
Lindsey Kennedy,fschaefer@example.org,Focus little tell paper question consider.
John Martinez,sanfordkaren@example.com,Indicate wind great social happy court entire.
Sheila Mosley,wilsonjacqueline@example.com,Fact suggest teach risk.
Jamie West,ramirezmelissa@example.com,Wonder reason value specific adult gun development.
Nicole Roberts,jessicajenkins@example.com,Reduce measure response forward.
Rita Jackson,shaunswanson@example.org,Show so campaign.
Christopher Cook,quinncarlos@example.net,General role travel both three start.
Ashley Walters,vincent18@example.com,Strong answer least everybody approach friend.
Jennifer Daniels,roger21@example.org,Mission training late general finish my wind.
Phillip Anderson,dsalazar@example.com,Article know around year describe.
Rebecca Welch,richardmendoza@example.org,Above wonder artist culture middle base.
Sandra Green,brandon97@example.com,From quite face doctor true somebody.
Elizabeth Jackson,saradoyle@example.net,Service kid probably leg production may responsibility.
Karen Stuart,vanceevan@example.net,Area read standard safe.
Thomas Brown,tmiller@example.org,Carry fact glass add list.
Karen Hughes,danielle86@example.org,Doctor however soon because act reality center worry.
Katherine Garcia,kathy20@example.com,Information outside discuss respond them something.
Elizabeth Hunter,daniel27@example.com,Home compare hair leave because generation agent discussion.
Nicholas Castro,danielskinner@example.com,Bag real morning decade.
Jeremy Wilson,dominique81@example.com,Might safe drop.
Krystal Clark,ninaware@example.com,Likely to develop kitchen against hour.
Juan Collier,ryansydney@example.com,Congress television control fire.
Cassandra Douglas,daniel48@example.org,Mind building season lot Mr officer product blood.
Danielle Morrison,mcook@example.com,Keep just system top interesting position style.
Luis Wagner,michael99@example.net,Race boy character participant environment few.
Jerry Wilson,gibsondennis@example.net,Factor set area bad movie.
Michael Deleon,andrew54@example.org,Offer turn whom perform exactly town.
Ricardo Powers,richardsonjason@example.com,Position line party realize improve have.
Chloe Mcfarland,mlucas@example.com,Action fast such take director garden paper.
Melissa Mayer,longjose@example.org,White style but more foreign imagine magazine.
Charles Maldonado,loganhanna@example.com,Glass wide catch order.
Gloria Sims,danielsdavid@example.com,Candidate also discover exist police avoid.
Marcus Anderson,kevin79@example.org,Pattern teach system size own skin.
Robert Mitchell,ramirezchad@example.net,Trouble thus low skin bed.
Janet Freeman,jamesparks@example.com,Join consider move reduce as trip far or.
Patrick Holland,zdoyle@example.org,Build option campaign.
Derrick Owens,williamwilliams@example.net,Close likely continue.
Leslie Price,camposcraig@example.com,History daughter certainly democratic.
Daniel Duncan,thomasgarza@example.net,Task account six.
Stephanie Fields,kwelch@example.org,Cold none reflect fine television allow only.
Jennifer Martinez,greenlaura@example.net,Everything strategy this turn raise appear center.
Vanessa Martin,carternicholas@example.com,Than girl reality hold reality.
Jessica Bryant,garzamarissa@example.org,Personal claim billion use news.
Paul Hansen,nathangeorge@example.com,Their agree movement nearly.
Emily Weeks,andrewhamilton@example.org,Speak none travel possible break.
Jordan Ford,abigailwilson@example.org,Good card try some always against lose.
Bonnie Brock,amandablake@example.net,Just air free without exist.
Carl Stevens,danielcunningham@example.org,Interview near opportunity.
Christopher Mitchell,amy11@example.org,Capital body hold seven national or.
Travis Cox,kimberly60@example.net,Law energy scene change say.
Matthew Montgomery,xbarrett@example.com,Still defense yeah do opportunity market Mr.
Patricia Walter,amberstevens@example.org,Standard president relate series.
Patrick Larson,ingramanthony@example.org,Interesting want risk before alone the.
George Young,bishopjohn@example.com,Arrive appear deal identify stay statement population professional.
Ana Blevins,sramirez@example.net,Skin fish whatever beyond what cover majority.
Cheryl Holland,melissa77@example.org,Magazine race cover lose and reach ready.
Adam Pacheco,jonesmegan@example.net,Election candidate forget west much billion community.
Veronica White,jennifer61@example.org,Method movement drive page write.
Brandon Martinez,brandtrebekah@example.com,Size type than window mouth religious try respond.
Paul Mullen,william71@example.org,Move also price professional according.
Eduardo Lewis,candace59@example.org,Way end situation base model interest.
James Duran,jjackson@example.net,Option be else treatment office.
Caleb Johns,christinasanchez@example.org,Paper tend big hour provide camera.
Kevin Holmes,tchan@example.net,Should less help go.
Joseph Brown,kelleybrian@example.org,Him above something effect themselves here program focus.
Ryan Douglas,christopher41@example.com,Entire add amount time campaign film crime.
Christina Chavez,farrellrebecca@example.com,Especially represent time tend plant world.
Beth Anthony,allison97@example.org,Organization say bad fall.
Martin Harris,fbennett@example.org,Approach people good everything likely.
Lonnie Perez,alexander85@example.org,Wrong actually up source.
Dr. Jessica Greene MD,terrireyes@example.org,South popular view side.
Thomas Cooper,kathrynowens@example.com,Present end keep whatever.
Andrew Rice,bowmankathleen@example.org,Can plan every minute family your let population.
Vickie Mcguire,justin42@example.org,Many represent whether light.
Wayne Mooney,sandersandrew@example.com,Personal room marriage technology theory white form.
Lorraine Warren,ashleesmith@example.net,Together resource nature guy such.
Karen Hughes,lloydtina@example.net,Above Republican throw recent gun again window.
Kevin Padilla,torresjustin@example.com,Others toward than management game.
Jenna Chang,wpowers@example.org,Morning education beautiful which total main sport material.
Sarah Clark,nicolescott@example.org,Decision thought write clearly it baby.
Kyle Shea,marissa07@example.com,News man majority of theory.
Emily Rodriguez,stanleybrandon@example.com,Chair manage author suffer forward while.
Brittany Martin,meaganperez@example.org,Away again population take space hundred right.
Jillian Murphy,mossandre@example.org,Worker finally series turn.
Sabrina Duncan,sharonperez@example.net,Although he situation always to.
Martha Bradford,benderkaren@example.com,Specific painting development first year structure.
Julie Powell,ereed@example.com,Door television Congress camera care project whether.
Christopher Jacobs,tiffanyphelps@example.org,Woman learn interview least authority according.
Brian Daniel,wagnermichael@example.net,Beautiful nearly talk air citizen.
Susan Butler,shawn65@example.org,They church yard activity degree old.
Billy Willis,allenkelly@example.com,How eye protect task.
Jared Barker,noah95@example.org,Away day tree modern.
Penny Ballard,rperez@example.net,Billion day third eight line.
Stephanie Hudson,ronaldtaylor@example.com,Tough result its major car film.
Christopher Wilkerson,katrinalloyd@example.net,North whose today kitchen note around piece.
Tamara Williams,danielhines@example.com,Notice foreign impact knowledge.
Jamie Gay,veronicatucker@example.org,Strong subject professor.
Angelica Crosby,sheaadam@example.org,Size even sport game nature day.
William Coleman,kevinstevens@example.com,Former room wear word college worker.
Shelley Sutton,robert78@example.org,Difference often such war.
Angela Mann,jpaul@example.com,Draw popular entire plan poor form perform.
Erica Brown,romerobrian@example.org,Deep matter course month seem.
Aaron Wise,michaelhowell@example.org,Civil lead end.
Christy Parks,kennethjenkins@example.net,Share sure dream per.
James Kelly,yfowler@example.com,Subject I soldier.
Daniel Best,jennifer68@example.org,Wall identify include fine.
Teresa Walsh,zacharykennedy@example.net,Else their size fund movie never.
Jade Anderson,katelynroberts@example.net,Exactly some fast rest part.
Miss Shannon Allen,jeremyferguson@example.com,Station choose around why agree.
Zachary Jones,dennisstephens@example.com,Contain rich last organization.
Brandon Jacobson,rodriguezbrian@example.com,Black smile size miss.
David Hubbard,crawfordtimothy@example.org,Treat green player me.
Nicholas Lee,whitneychandler@example.org,Thousand adult him little.
Blake Harrison,wangryan@example.org,Its plant especially about still responsibility box.
Sara Smith,sandersrobert@example.org,Guess newspaper fight born these size.
Bob Vargas,ryanmills@example.org,Toward thank others catch authority maintain service.
John Mendoza,browntonya@example.com,Son any senior floor quite consider.
Stephanie Hall,trevinonathaniel@example.org,Since hundred image chance.
Eileen Harris,christopherhoover@example.org,School down morning plan seek land relationship add.
Elizabeth Nguyen,gerald26@example.net,Both necessary reach agreement travel wind.
Matthew Jackson,robingarcia@example.com,Work quite method near.
Sherri Middleton,martinezzoe@example.net,Big fall morning while water.
Tara Coleman,nelsonmike@example.net,Blue example instead middle media stop analysis program.
Rodney Cuevas,pgonzalez@example.net,Couple be factor along.
Christopher Banks,douglas35@example.net,Between girl within idea we ready hard.
Heidi Ramirez,rleach@example.com,Subject central career fire receive anything.
Jessica Ellis,sara58@example.net,Make newspaper south somebody response.
Chad Johnson,breanna51@example.com,Until inside pressure discussion still.
Laura Yates,marytaylor@example.org,Science professor ball have science officer.
Patricia Reyes,larry63@example.net,Detail push father institution land nearly.
Matthew Berry,katiethomas@example.net,Film positive return beyond moment necessary glass.
Kimberly Lyons,austindiaz@example.net,Thing any computer million early no.
Christopher Bishop,elizabethgalvan@example.net,Modern bar clearly four federal pass break.
Douglas Huff,victor96@example.com,Religious avoid check major forget hot.
James Jackson,asoto@example.net,Former goal most stuff.
Timothy Buchanan,mahoneyheather@example.net,Possible imagine young bit small.
Anthony Crawford,cschneider@example.org,Series lawyer federal this charge.
Amy Long DVM,gonzalezkaitlyn@example.org,Against design general morning.
Justin Williams,bookerjennifer@example.com,Year tough money both each face catch.
Dana Scott,dukelinda@example.org,Left choose couple himself visit watch upon.
Olivia Smith,thorntonkayla@example.org,Actually baby past beyond black put degree.
Kristine Zamora,wsimmons@example.org,Movie feeling entire drug.
Colleen Day,lindsayproctor@example.com,Factor war drive beat.
Jennifer Arnold,robinsonjon@example.com,Enough dream beyond specific.
Samantha Harris,chale@example.com,Important four history safe.
William Mcdowell,yolandajimenez@example.com,Mr show section hit everybody space finish.
Andrea Pham,angelaferguson@example.org,Clearly four soldier yet charge marriage wrong.
Michael Peters,mercerbrent@example.org,Often instead never drive.
Phillip Fitzgerald,jonathon51@example.com,Fact part phone all apply next.
Andrew Taylor,wendy01@example.net,Season learn Democrat share business media issue size.
Craig Harding,roweethan@example.org,Of relationship many.
Willie Murray,wellsnicole@example.net,Personal stuff data.
Jessica Cook,fernandolucero@example.net,Move this education team cup paper other.
Melissa Peters,forbesphillip@example.com,Audience statement long at commercial make each.
Casey Hoover,jennifer96@example.com,Middle current law crime.
Sara Lewis,williamjohnson@example.org,Anything agent stock day back to.
Connie Kelly,davidnelson@example.org,View turn police war it expert consider.
Jamie Garcia,johnsonleah@example.org,Know national explain happen foreign notice group.
Adam Richards,marymason@example.com,Than school open town middle nearly summer involve.
Jack Juarez,benjamin84@example.net,Likely writer page produce firm sure.
Jimmy Reeves,wagnermark@example.com,Her chair Mrs which out range pattern back.
Brittany Shaffer,christophermorris@example.com,Party performance peace attack well alone past.
Caleb Phillips,claudia14@example.net,Life set rate per plant reality store course.
Amanda Oneal,bobbymartinez@example.net,Get level participant continue carry note policy.
Joseph Hernandez,cristian76@example.net,Election summer market trade hit candidate.
Angela Smith,jamescombs@example.net,Person necessary star.
Jody Clark,zmitchell@example.org,Similar that water senior pattern sure.
Diane Rogers,charles43@example.com,Detail free save brother because.
Devin Wilson,wallacechristina@example.net,Could when student suggest.
Brent Allen,bryanadams@example.com,South since night nothing within head.
Eddie Thomas,smithrobert@example.com,Include office back single building Mr send main.
Paul Lewis,elamb@example.net,As note understand accept guy always party.
Amy Jackson,julia00@example.com,Any fear art activity strategy.
Joshua Burton,mollyevans@example.org,Shoulder indicate spend third home health question.
Tonya White,juliegalvan@example.com,Enough purpose difficult office finally remain.
Kristin Wheeler,bryanrebecca@example.net,Spend no lead star maybe school lose.
Amy Pham,geoffrey37@example.net,Field member point career worker success must poor.
Michelle Moss,carrillobrian@example.com,Create rather collection artist hotel.
Jordan Marks,mccarthyjoseph@example.net,Among stop tell over near enjoy.
Steven Gomez,meredithyoung@example.net,Today smile economy soon reach meet.
Mary Hernandez,mendozastephen@example.net,Moment general interesting eye.
Mark Ellis,vrivera@example.com,During employee stand against couple long huge.
Frederick Black,latoyaperry@example.com,Lead yes moment rich either.
John Howard,meganfoster@example.net,Whether course become his effect cause far fire.
Marcus Conrad,vbarrett@example.net,Continue too few chance name trouble.
Katie Brown,terrycochran@example.com,From edge particular PM allow.
Christopher Cooper,dillon86@example.org,Report reveal according back reason laugh.
Vanessa Jefferson,kevinbradley@example.com,Whatever sense current machine couple.
Jennifer Sloan,ninadavidson@example.net,Bill already order police.
Justin Jones,john39@example.com,Far position group police south issue office.
Michael Mcdonald,mvelez@example.org,Scene enough material.
Robert Chen,johnsonrebecca@example.net,Whole benefit recently on create.
Vanessa Cook,heathersmith@example.com,Consider past hard detail work.
Tyler Daugherty,davisjoseph@example.net,Wrong American allow school past.
Kristine Olson,johnguerrero@example.org,Court structure hope there rise way seem.
Cassandra Huang,robertparsons@example.org,Tax allow unit alone beat.
Dennis Walters,jenningscarolyn@example.com,Yard even cover mind early.
Angela Mccarty,brownlisa@example.com,Off keep meeting value six deal attention four.
Marilyn Harris,shepherdchristine@example.net,Keep home nature.
Daniel Irwin,mark47@example.net,Own subject TV degree.
Christopher Beasley,kimberly80@example.org,Involve pay six field answer lawyer.
Wayne Ramirez,istevens@example.net,Fight event learn effort.
Wesley Weber,lisapeters@example.org,Range building sound stock list.
Kyle Bryant,kimberly28@example.org,Activity whole it send employee decision.
Jared Miller,rebecca87@example.net,Attorney check opportunity.
Kendra Lee,dthompson@example.net,Grow reveal box card western experience more.
Donna Bauer,josebolton@example.net,Different respond happy fund.
Melanie Jackson,brianwalker@example.com,Pretty attack current same smile.
Robin Mendez,mitchell19@example.org,Congress someone large region medical own change.
Russell Sharp,anash@example.net,Buy miss fight Congress such.
Andre Harris,scottalec@example.net,Rate room meeting sing white the.
Kimberly Kelly,parsonsdavid@example.net,Idea social poor face.
Thomas Maxwell,edwardflores@example.com,A decade president specific space would glass hot.
Matthew Ward,kelly13@example.com,Them interest central fire record.
Holly Lee,sparkspaula@example.com,Hit series third enjoy concern course real case.
Jennifer Boyd,ricewilliam@example.org,Participant everything state hope section environment because.
Kelly Ramsey,jjohnson@example.net,Determine minute several media.
Daniel Sweeney,stephanieswanson@example.com,How garden pass hot.
Catherine Moore,hlang@example.org,Despite produce middle civil major as book.
Nicholas Greene,ryan62@example.org,Mother avoid include six.
Michael Thomas,youngdavid@example.net,Me color organization your smile short find beat.
Dr. James Mckenzie,qmartinez@example.com,Once seek ok threat this pass author.
John Rose,gayjeanette@example.com,Every hit letter rest.
Anthony Phillips,frank52@example.org,Animal play list account support wide dark involve.
Aaron Charles,lmontgomery@example.net,Such pattern father vote.
Hunter Cooper,tammy69@example.org,Conference degree ten region yourself.
Debra Pennington,lindsey61@example.com,Step quality across worry hear similar lay.
James Villa,ellisbrenda@example.net,Share range push debate including name name.
Catherine Snyder,mallorydouglas@example.com,Life list partner.
Christopher Stephens,nancycox@example.com,Care real star room want.
Theresa Bryant,xgomez@example.com,Example road expect movement single prepare laugh upon.
Erica Schneider,juliebenton@example.com,She usually claim most voice one.
David Ray,daniel08@example.net,Late product city past argue purpose.
Angela Saunders,robertblack@example.com,Western meeting prove.
Jeremy Powell,hannahwashington@example.net,Food price identify reduce it bit.
Gregory Chambers,carterdavid@example.com,Art before though open offer.
Jessica Hoover,mcbridejeremy@example.org,Especially where contain about matter really animal community.
Kevin Duran,delacruzjohn@example.com,Single professor small wrong six fire.
Brad Ramsey,moranvirginia@example.org,Democrat never become media defense bill ok.
Joseph Pitts,hartjennifer@example.org,Order out few structure coach test.
Sandra Griffin,rcalderon@example.net,Wonder just fire accept.
Willie Graham,markwallace@example.net,Thank both along suffer.
Jonathan Miller,staceyadams@example.org,Wall write early large charge really short.
Patricia Wheeler,yvonneanderson@example.org,Should down family article choose cold mission.
Diana Barrera,turnermichael@example.org,Chair special operation right relationship.
Jeff Reed,allison26@example.org,Commercial table sure central here ability trip.
Jordan Thomas,stephensblake@example.net,Money sign mean even check change Democrat hour.
Jessica Cook,yjones@example.org,Pass participant hit bed ball.
Vicki Gibson,joseph29@example.org,Him arrive first line he once sign something.
Jose Morgan,owensdenise@example.com,Upon amount tell each its.
Ann Avery,apeters@example.com,Record floor man while game book.
Lisa Hurley,wbell@example.org,Accept government owner project mother success plant.
Mercedes Knox,cameronchaney@example.org,Stop list follow full defense civil.
Laura Garcia,barnesmichael@example.net,Beat player plan peace entire simple.
Scott Gray,mary73@example.net,Even keep watch threat hit detail.
Richard Knight,ray39@example.org,From investment onto glass.
Amanda Smith,pacheconoah@example.org,Of let community society speak.
Noah Holloway,hrubio@example.org,Box human would home.
Jose Davis,mark07@example.net,Yard money air foreign today meet.
Jason Rodriguez,frichardson@example.net,Kid hot several.
Joshua Pittman,bradybrian@example.org,Happen assume under avoid into.
Kimberly Thompson,stacymay@example.net,Nor yet change.
Pamela Rodriguez,hsnyder@example.com,Single year final list growth miss as.
Megan Turner,harrispatricia@example.net,Goal hair as.
Kristin Hernandez,ryanburnett@example.com,Fall often four traditional attention benefit already.
Christy Johnson,ramseytaylor@example.com,Job pay individual herself vote.
Larry Swanson,millermarie@example.org,Resource call radio have wrong.
Jessica Archer,johnsonrachel@example.com,Agent station voice once media college.
Timothy Brown,tskinner@example.net,Deep decision today simple now key ahead sister.
Cynthia Gonzales,jamesblack@example.net,Author record involve man director politics.
Michael Smith,popekyle@example.net,Exist always reach decide.
Ryan Richardson,vrobinson@example.net,Idea parent of season.
Sean Gilbert,nicholas41@example.com,Dinner compare operation off million others law.
Karen Cook,tmurphy@example.com,Economy science study between others improve win.
John Castillo,mcguireandrea@example.org,Together trouble improve project fill successful far about.
Sandra Patterson,ramirezmary@example.com,Specific second tonight interview federal likely.
Jason Parker,ricardogood@example.net,Group really something compare.
Aaron Boone,castillonancy@example.org,Class beyond rule all.
Kelly Monroe,stephenellison@example.net,Officer station clear sell rate message move.
Gerald Rogers,ychung@example.net,Change this provide among eat.
Mrs. Rachel Sutton,cervantesanna@example.org,Make body book sea.
Katherine Miller,xbooker@example.net,Care where quality after begin control century course.
Michele Aguirre,norrisraymond@example.com,Recent not thousand age wonder.
William Ho,joshuaruiz@example.org,Rather of raise billion information.
Jacob Smith,npowell@example.com,Option activity daughter inside nearly move heart.
James Friedman,walkerbrett@example.org,Worker teacher reason us take than.
Mr. Brandon Simpson,burtonkatherine@example.com,Edge question concern voice.
Crystal Hill,cristinadelacruz@example.org,Buy option store president cell wear.
Lisa Johns,khansandra@example.org,Stop central him young work teacher.
Eric Patterson,buckleyandrew@example.com,Sea enough pass.
Patricia Jones,brianweiss@example.com,Later project create toward also.
Alicia Sexton,jacqueline44@example.org,Against south animal.
Samantha Garrett,taylorcharles@example.com,Who for between inside network.
James Goodwin,xthompson@example.net,Actually when suffer goal lay entire less.
Alexander Jones,richard08@example.net,Maintain sometimes whose follow.
Kristy Brown,williamssamuel@example.org,Score point thing material.
Wesley Moore,agregory@example.org,Should personal hit camera mission appear to.
Erin Robinson,trevinojasmin@example.com,Quite seek think you stuff say little.
Hunter Ali,swilson@example.net,Shoulder say successful.
John Warner,campbelldebra@example.org,Hot too power school.
Victor Deleon,susanbaird@example.com,Clearly Mr despite.
Michael Perry,adamrogers@example.com,Throughout enter reason focus better hair staff.
Devin Sandoval,wrightrebecca@example.com,Very suddenly law no among simple.
Travis Walker,carlalevy@example.com,Consumer cup wide at situation.
Jordan Mccormick,jamesbarnes@example.org,Size history significant.
Ashley Velazquez,rhansen@example.org,Present attention special popular nice but under great.
Linda Murphy,sanchezmorgan@example.net,Modern develop impact bill.
Steve James,jamesbrian@example.com,Up themselves source court daughter option.
Mary Moore,todd23@example.com,Rise phone size shoulder stuff.
James Wilcox,khood@example.org,System seem poor cultural party.
Randy Bailey,valexander@example.net,Red say fund under past relate something.
Betty Mcconnell,whiteconnie@example.org,Usually whatever personal make wrong else per.
Brittany Jackson,vrichardson@example.org,Body similar continue quite billion officer arrive.
Megan Shepherd,shelley91@example.com,Be eye manager cut year.
Laura Rice,smithhelen@example.net,Move key cover often my.
Christopher Bean,mckinneykathryn@example.net,Movement she out prevent politics.
Daniel Frye,tommyrodriguez@example.org,Red base interest difference.
Troy Perkins,collinsalison@example.com,Question rather bit nothing.
Jennifer Kelley,wendy01@example.net,Position fire hope month.
Alexandra Garcia,jessicabowen@example.com,Section some none better reach story.
Amy Frey,garciatimothy@example.com,Above interest key according stay figure.
Katie Riley,anthonycruz@example.org,Ahead interview four boy crime will.
Stacey Roman,jasonsmith@example.org,Represent effect any floor particularly crime.
Lisa Douglas,fguerra@example.net,However sit radio beautiful source.
Michael Moore,hoffmanamy@example.org,Past fire billion really protect class.
Ms. Diana Marsh DDS,lisa71@example.com,Republican thought it win us their.
Gabriel Jones,roykevin@example.com,Then who box partner act animal.
Richard Norman,edgar15@example.org,Record fight nothing.
Michael Johnson,stonetina@example.com,Into hope learn include try fund beautiful compare.
Jack Brown,matthew96@example.net,Black themselves imagine hair community difficult prevent.
Cassandra Stanton DDS,robinsonmelanie@example.com,Share sing close me.
Cristian Reeves,housefrancisco@example.com,International allow best son.
Luke Martin,kelsey17@example.net,Mrs public able miss physical minute become.
Emily Neal,kennedyjennifer@example.org,Prepare argue focus control affect environment public.
Oscar Leonard,castromelissa@example.com,Sport relationship affect your.
Eric Durham,beckerjohnny@example.net,Business dinner wide group change television.
Robert Castro,twebb@example.org,Personal evidence not ask table college look amount.
Stephanie Gomez,evan60@example.com,School TV live clearly money career first.
Taylor Barron,brianchan@example.net,Ago kitchen room family artist enjoy job.
Edgar Wells,anthonyho@example.com,Customer common become goal test forward.
Jose Mcpherson,julie48@example.com,Find hour give company civil.
Lori Collins,greenemichael@example.org,Majority wind help information ten check.
Dana Johnson,kristin11@example.com,Raise ten for office whole.
Kaylee Conner,heather51@example.net,Each drop note he friend market race.
Andrea Faulkner,gillapril@example.org,Yourself close always consumer.
Jessica Ferrell,margaret88@example.net,Rock miss actually wish easy executive.
Paul Alvarez,ulambert@example.org,All information structure glass staff.
Philip Haynes,taylorjenna@example.net,Site company risk despite history almost year.
Carla Cooper,haleycunningham@example.net,Trade oil eat thus bring writer painting.
Mary Thompson,allison50@example.net,Consumer moment expect network run stock.
Frederick Freeman,jodibailey@example.com,But fill thing including pay training.
David Burns,tonyagriffin@example.org,Economic house return public.
Lisa Allen,ashley93@example.com,Certainly statement but significant free.
Crystal Mcconnell,imiller@example.net,Become power from rather yeah.
Daniel Alexander,hicksveronica@example.com,Institution better big close yet.
Lisa Stewart,janicemarshall@example.net,Husband whom billion score.
Michael Fox,taylor15@example.net,Without standard marriage turn again moment.
Scott Ramos,vgeorge@example.com,With land bring election benefit rich into.
Denise Daniels,deborahford@example.net,Senior reveal real force.
Justin Barber,charles27@example.org,Wrong ok actually likely perform term to.
Jennifer Green,ljohnson@example.com,Against manage information organization I.
Corey Brown,williampatterson@example.org,Spend arm with commercial since see pattern identify.
Jonathan Smith,marksamanda@example.net,Daughter never reveal site agree movie.
Brittany Harper,bwoods@example.net,Bed site character ahead.
David Jackson,kelly36@example.com,Find of defense subject should training find author.
Mary Sanchez,donald08@example.com,Almost record national statement.
Jennifer Thomas,michelle40@example.com,Man remain effort our.
Betty Obrien,brandongomez@example.org,Support pressure green allow.
Catherine Fernandez,csmith@example.net,Blood back let since room.
Matthew Williams,webbjeffrey@example.net,Quite impact opportunity dinner player.
Yolanda Anderson,kmitchell@example.com,Word structure for thing.
Mr. Nathan David III,samanthamoran@example.com,Me church president cause coach nearly.
William Howe,howelljohnny@example.org,Environmental camera action save sit whether.
Brian Knight,david53@example.com,Administration poor recognize spring growth loss language.
Jon King,robertsjuan@example.org,Physical government type season red daughter.
Steven Smith,jgarcia@example.org,Religious they heavy fact choice day wall.
Christopher Williams,tracy61@example.org,Marriage size specific red thousand.
Michael Bailey,anthony67@example.org,Member use college audience.
Jennifer Hayes,michele86@example.org,Somebody partner play under establish dog manage which.
Casey Stokes,aaron68@example.net,Available help happen tax machine question six modern.
Brian Lynch,danielmoore@example.net,However artist attack Congress find any.
Anthony Singh,david56@example.org,Mrs support certainly treat enter as.
Scott Sanchez,jdavis@example.net,Purpose ability role election nice government whatever.
Jason Sanders,erussell@example.net,Car nation relationship space how idea.
Mary Henderson,zwhitaker@example.org,Window country floor rise small.
Joshua Acosta,oavila@example.net,Seven color various Mrs.
Michelle West,jmiller@example.com,Down good I green visit.
Lisa Palmer,turnercarol@example.org,Though street claim to authority.
Patty Bell,matthewkoch@example.net,Team oil high fly even south apply marriage.
Anthony Williams,stantonstacie@example.com,Develop left never decide get real do.
Lisa Reid,dana85@example.org,Certain although blue finish huge director movement.
Kristin Brown,yholloway@example.com,Rule political ever quality whom begin.
Michael Burns,jason73@example.org,Collection action audience glass street body product.
Ashley Cowan,jjohnson@example.com,Center TV fish certainly teach.
Mary Olson,freid@example.com,Than animal two.
Jonathon Salinas,ktrujillo@example.net,Continue move morning technology.
Erika Parker,jeffreyporter@example.com,Brother hour world give eight.
Adam King,fevans@example.net,Cover raise seven mention question rise.
Heather Wells,brian62@example.com,Respond whatever behavior marriage term like.
Jennifer Rodgers,christy85@example.org,Laugh ahead stay here what take could.
Rodney Park,phelpsmary@example.com,Business style hear cut population do.
Gerald Casey,brandonmontoya@example.org,Eat growth himself treatment position dog lawyer end.
Rachel Ryan,qcollins@example.org,Lot usually certainly end control nice participant.
Lisa Stephens,ntorres@example.net,No star mission size who.
Caroline Fowler,james44@example.org,Of thus large anyone.
John Turner,adambean@example.org,Chance scene if somebody speech.
Kathleen Reynolds,hopkinslarry@example.net,Deal response Republican window soon.
Ashley Young,dianamullins@example.com,After even daughter international soldier person fire.
Eric Oconnor,ellenparker@example.com,However woman especially reduce positive positive coach.
Riley Fischer,cward@example.org,Occur tell everybody customer process seven.
Corey Carter,christopher77@example.org,Finally issue gun ahead as.
Melissa Buchanan,lacey75@example.com,After social full office something base film.
Erica Hansen,parkergary@example.net,Very soon increase.
Jasmine Garcia PhD,sarasmith@example.net,Image begin get most bed.
Robert Stone,parkerkimberly@example.org,Charge ten car success standard raise.
Kurt Austin,mary15@example.com,Score clearly else.
Andrew Padilla,george67@example.net,Month dinner ability person minute.
Amanda Dominguez,brownbrandi@example.org,Collection ok mind.
Randy Sexton,hspencer@example.com,Defense such health history.
Melanie Thompson,kellytheresa@example.net,Five business kid model yeah determine painting.
Sarah Hays,haynessusan@example.net,Reveal far deep audience do.
Teresa Bennett,garrettmichael@example.org,Ok probably human.
Kayla Ferguson,michelecox@example.com,Forward truth sometimes.
Isabella Parker,jamesward@example.org,Tv example itself for than family cell.
Shari Baker,shaffertodd@example.org,Spend he maybe discuss education physical.
Mckenzie Jennings,fgibson@example.net,Positive owner early itself point south.
Sabrina Sutton,kempjeanette@example.org,Fact past worker.
Elizabeth Cabrera,lisa03@example.net,Within manager she name.
Scott Cannon,ryanwilliams@example.org,Item but why practice probably challenge idea.
Phillip Ballard,nicholasharris@example.net,There factor fire point prepare people career most.
Eric Jimenez,michaelschmidt@example.net,Many oil knowledge number member never.
Amy Page,westsarah@example.net,Activity ball new listen billion else.
Greg Bell,erinreyes@example.net,Piece firm wife management whatever traditional this game.
Aaron Rodriguez,markhogan@example.net,Film decision tough wrong clear writer.
Kevin Tanner,elliottjamie@example.org,Real art tough piece less truth all.
Trevor Carter,danielclark@example.org,Southern move surface and carry resource.
Autumn Stark,patrickfisher@example.net,Art war guy pressure who describe.
Aaron Bradshaw,qsanders@example.org,Factor board middle those.
Benjamin Murphy,montoyaallison@example.com,Yet political easy woman attack language.
Donna Brooks,tcasey@example.com,Up across happy challenge wall ahead that.
Bradley Singh,vross@example.net,Rate within music sound next where.
Christina Huber MD,mgray@example.net,Do happen Congress cell least ago.
Michael Watkins,phall@example.com,Air around treatment.
Jennifer James,kware@example.org,Happen hand person public yard try land.
Jacqueline Ortiz,emily43@example.org,Build coach perform change.
Francisco Gray,jparker@example.net,Quite western state music need develop.
Anna Estrada,jose65@example.org,Answer office win could enter.
Natalie Potter,carrcynthia@example.com,Power bit black including.
Joseph Davidson,richardhart@example.com,Skill summer quickly couple image away bit.
Debra Marshall,suarezrobin@example.net,Yes simply tree model fact price feeling land.
Lisa Mata,jessicatravis@example.com,Rise open single stay middle reveal each.
Ronald Davis,perezhailey@example.com,Election benefit onto its open level.
Wayne Williams,castrothomas@example.org,Push thought way.
Michele Patterson,jameswilliams@example.org,Set sing inside others hospital.
Daniel Williams,smccoy@example.org,Do rest defense music not.
Lori Kim,elizabethphillips@example.com,Eye night compare central occur.
Dr. Brian Roy,tamarahunter@example.com,Small either theory letter attention book.
Ann Esparza,philiplane@example.com,Hair far science concern to fall claim might.
Kelly Garrison,vbush@example.org,Probably wonder teacher feeling truth.
Angela Todd,steven45@example.com,Social move board picture role black.
Thomas Hardin,amanda67@example.com,Color focus use us claim career at.
Maria Mitchell,tracy55@example.org,Amount idea night impact.
Jerry Bernard,gilbertharrison@example.net,Perhaps technology where father goal in.
Marie Johnson,christopherhill@example.org,At nor history others.
John Ball,emily09@example.com,Court clear threat doctor process before site.
Michael Bell,powelljohnny@example.org,Court state vote.
Erika Peters,amycurtis@example.com,Develop resource week.
Richard Green,ballmax@example.net,Stock property avoid television low majority eight.
Philip Hart,donnarivera@example.com,Four cell country themselves keep father others.
Trevor Cantu,amanda86@example.org,Huge people add provide staff.
Christine Robinson,jschroeder@example.com,Leave majority myself force garden strong.
Kristine Lopez,gina96@example.org,Base exist strategy paper art course.
Stephanie Johnston,scottwaters@example.com,The become focus author machine less.
Susan Smith,karen71@example.net,Buy check interest big I worker medical people.
Jessica Lambert,tammy59@example.org,Give nearly peace professional.
David Gonzalez,lewisluis@example.org,Close wish choice wind exist magazine suddenly as.
Jeffrey Payne,davisdebra@example.org,Perform performance rather bank century ability administration mean.
Rebecca Williams,savagepamela@example.com,One eat leader itself if.
Mark Contreras,brandondiaz@example.com,At parent offer statement white.
John Donaldson,wharvey@example.org,Guess its may.
Michael Norton,mmoore@example.net,Laugh into value.
Brandon Suarez,hsmith@example.net,Land beat loss in less explain.
Meredith Waters,alejandroduran@example.net,Memory call suffer we.
Lisa Smith,ellenstewart@example.com,Beautiful lot capital next meeting measure section college.
Thomas Rice,chughes@example.org,Stage strong the stuff single production election thing.
Matthew Thomas,taylorcharles@example.org,Life area majority gas.
Tony Barrett,rcardenas@example.net,Evening voice strategy in worry science compare.
Kyle Boyle,thomasmunoz@example.com,Avoid they clearly this.
Jeff Gilmore,cmartinez@example.org,Significant check for evening spend probably.
James Martinez,smithsteven@example.com,Throw note crime individual sing value.
Lisa Harrison,fernandezallison@example.org,Method teacher blood spring guy agency.
Kimberly Jenkins,amanda09@example.net,Deep prove anything site.
Gabriela Watson,ambermalone@example.net,Discover side here movement protect dog far.
Ms. Melinda Terrell,cwalters@example.net,Structure hour drive practice baby.
Donald Davis,duffybrenda@example.com,Indeed listen according spring center.
Adam George,denisebrock@example.org,Style section pressure know stage send man.
Victoria Barajas,wmedina@example.com,Their full ever to space dark water.
Natalie Mcdaniel,whitakerchristina@example.org,Best movement man question pick form official.
Courtney Brown,bnguyen@example.net,Before service worker wife space.
Casey Erickson,lisa55@example.net,Need speech student true represent case.
Suzanne Harrell,gregory65@example.com,Have relationship month full teacher deep their enjoy.
Paul Williamson,nmiller@example.com,Dark bag quality thing yourself.
Ronnie Jackson,danielrice@example.net,Floor stock perform cover third property star.
Rachel Miller,nicole35@example.net,Increase training it those her country firm.
Joy Morgan,logan69@example.net,Discover huge world trade carry.
Todd Wilkins,karenharris@example.com,Trouble hospital serve.
Regina Hernandez,luis29@example.org,Everyone near different arm itself even story.
Carol Hernandez,thomas63@example.com,Indicate green agency boy personal skill each.
Manuel Riddle,courtneychapman@example.com,Economy certainly film less worker.
Steven Foster,nmorales@example.net,Investment line cost gun president floor.
Nancy Alexander,melaniearmstrong@example.org,Election fund certainly white miss plant require.
Susan Roth,wadedanielle@example.net,Fire expect compare scene.
Susan Yang,ashley66@example.com,Big Congress Congress official join attorney.
Olivia Houston,agonzalez@example.com,Language figure class push.
Kelly Warren,christopherflores@example.com,Field throughout measure measure well.
Sean Adkins,agriffith@example.org,Usually world cause couple meet safe task thousand.
Daniel Bell,tortiz@example.net,Those know company especially.
Jessica Garcia,sancheztiffany@example.com,Low him relate father plant time suggest.
James White,rking@example.org,Fact third about area.
Tracy Martinez,carolynschultz@example.net,Talk detail water determine.
Sara Parker,snichols@example.net,While pick page look fight best the.
Desiree Dorsey,matthewfrazier@example.com,Husband attorney stand.
Denise Fernandez,lgreen@example.com,To answer product store well these down.
Courtney Hendricks,hclements@example.com,Nothing quality young hospital outside.
Daniel Dudley,robin72@example.net,Practice school represent.
Lori Lewis,lsanchez@example.org,Care strong full quality tonight.
Sharon Parker,jeremy87@example.net,Move adult break expect.
Stacy Herrera,rickeybrown@example.com,Hard city center appear.
Annette Walters,kellycourtney@example.com,Strong free product.
Linda Mckinney,michelleeaton@example.net,East use clear present.
Jessica English,mwilliams@example.org,Simply side candidate artist model very will boy.
Mark White,gabriellehoffman@example.com,Without level method myself range stop.
Zachary Castro,carpenterkari@example.net,Leader direction begin remember good.
Christine Hartman,qcoleman@example.org,These him glass meeting there.
Hannah Flynn,elizabeth49@example.com,Worry election look course away.
Lauren Massey,juliepage@example.com,Boy television about participant party discover.
Jennifer Anderson,kevinparrish@example.org,Economic hour them look democratic whom.
Laura Adams,briannacruz@example.com,Nature door it fund.
Christian Hill,haleyruiz@example.com,Certain per front middle go commercial fight owner.
Anne Schroeder,bernardho@example.net,Reveal study top fine.
Robert Chavez,peterssarah@example.com,People cut color.
Kimberly Greene,carlaparker@example.com,Dog return feeling contain inside.
Karen Day,brownevelyn@example.org,Organization dark apply product child card commercial her.
Jamie Johnston,nhardy@example.net,Wall great specific data these team.
Troy Montgomery,calebwilliams@example.org,Share action something certain need.
Amy Anderson,jorge08@example.org,Career hot agency.
Hannah Floyd,williamsabigail@example.org,Occur treatment example ok until whether.
Leslie Collins,rachelhines@example.com,Owner wish remain account analysis.
Beth Hernandez,mevans@example.net,Ready theory talk others book show benefit.
George Powers,jenniferherrera@example.com,Enjoy outside realize mind sort clearly.
Gregory Ayala,etaylor@example.net,Mind feel hope end.
Walter Wood,nixonemma@example.com,Data century even feel their agree.
Stephen Farrell,ortizryan@example.org,Improve have play million area teach decide move.
Patricia Brown,zsmith@example.org,Son consider the represent available inside few gun.
Amy Rodriguez,zhill@example.com,Figure pass home marriage during now sea near.
Melissa Waters,matthew92@example.net,Actually tonight majority eight.
William Williams,zgarcia@example.org,Indeed read machine method five computer.
Miranda Mills,rachelwolf@example.com,Head ask when walk.
Nicolas Sexton,yvonne27@example.com,Front activity brother.
Edward Mullen,dana64@example.org,Agent see mother will per.
Logan White,isaac96@example.com,Just also peace seven.
Charles Luna,vanessa35@example.net,Property say send remember campaign second policy.
Carla Young,rkelly@example.com,Vote wind begin state perform every list.
Diane Carpenter,jaclynreed@example.com,Street example according appear charge past my.
Vanessa Miller,smithmary@example.com,Station list impact likely happen.
Pamela West,zjones@example.net,Possible end leader traditional.
Brandy Page,nathanortiz@example.org,Where past meeting.
Charles Wilson,todd48@example.com,Early hear eye which.
Christine Carter,dmitchell@example.com,Necessary town player sister TV much.
Emily Stevenson,kelly43@example.com,Provide senior none stay art.
Tyler Gutierrez,jeffery03@example.com,Somebody another see result while.
Stacey Graham,kristen84@example.org,Recently improve computer level mouth include our.
Rebecca Flores,mooneyian@example.com,Only occur mean land my.
Alexander Patel MD,lisastevens@example.com,Simple trouble process near activity.
Amanda Clements,elliswhitney@example.net,Perhaps light score range member sit rest.
Annette Rush,davissergio@example.net,Official actually goal.
Linda Riddle,christopherking@example.org,West she citizen remain term me.
Stephen Johnson,adkinsdanielle@example.net,View product participant.
Casey Johnson,bparker@example.org,Should thousand people dark.
Deborah Torres,destinycarter@example.org,Wonder paper green water.
Andrea Hicks,burkespencer@example.org,Whole east call trade option do.
Lindsey Reese,micheal25@example.net,Training TV everybody.
Hannah Hall,skinnerdaniel@example.net,Peace necessary church spring imagine hospital front.
Kaitlyn Oliver,andrew73@example.org,Article central city ok indeed able.
Linda Cook,parkpaul@example.org,House contain bed form.
William Mccarty,elainegutierrez@example.com,Knowledge cut ready.
Mark Tucker,nicholsluke@example.net,Relate risk recently country play.
Lance Cannon,webbsharon@example.org,Security accept alone.
Gregory Allen,hodgemichael@example.com,One learn sort here shake particularly thus.
Robert Richard,smithkelly@example.com,Mission that test medical.
Shannon Walker,marksjohn@example.org,Change great deep season.
Adrian Compton,smithbruce@example.net,First occur herself international instead.
Tyler Roth,jbrowning@example.net,Address process push plan relationship life tend.
Jay Vang,mikaylaroach@example.net,Star deep why probably.
Jamie Brown,alexissantos@example.com,Simply trial light detail heavy leader trial while.
Kristina Scott,ycharles@example.org,Night pressure fact.
Gabriel Parker,kjackson@example.net,Change bag stuff human possible.
William Owens,hunter82@example.net,Air remain statement sound.
Stacy Ford,jason35@example.net,Sometimes sure bank top member score.
Amber Robertson,grosskyle@example.net,Short leg born ten anything weight kid.
Rose Miller,james56@example.org,International worker word.
Monica Owens,stevenblack@example.com,Return wall road memory.
Dawn Figueroa,abigailmartinez@example.com,Hit blood better TV onto firm.
Vanessa Gonzalez,jasontaylor@example.net,East among character development develop do according.
David Allen,xgreer@example.org,Political base store attack.
Eric King,stephanie00@example.com,Instead lawyer century step seat ten toward.
David Baker,nvaldez@example.net,Affect end special.
Christopher Wagner,sdaniel@example.net,Require expect note building together entire nature.
April Murray,jessicawashington@example.net,Current analysis instead daughter item activity do.
James Harris,nicholasberry@example.org,Not ground easy wife.
Thomas Diaz,lisa91@example.net,Dark know whom door building.
Scott Clements,snyderlaura@example.com,Decade while modern difference improve visit structure.
Kimberly Martinez,bryantjanet@example.org,Good enjoy carry notice.
Brenda Vasquez,benjamin82@example.net,Let attack hold might skin practice ground.
Mary Olson,latoya76@example.com,Realize involve attorney yard meet.
Claudia Perez,kaylalester@example.net,Movie commercial serious least be buy research weight.
David Martinez,heather58@example.org,Run whose majority woman better my.
Anna Williamson,brandon36@example.net,Want tell senior reflect support its figure.
Chase Berger PhD,hallcarol@example.com,Family economy talk unit head free.
Matthew Young,jessicaferguson@example.org,Start final whatever organization father high.
Reginald Johnson,imccarthy@example.org,Least effort team dark.
Lucas Pacheco,katherine79@example.net,Cold skin last five court need.
Eric Lowery,cbarrera@example.com,Evidence for himself agreement race especially size sound.
Mark Davis,ularson@example.net,Project carry important assume reduce although hair.
Elizabeth Soto,davidrivas@example.net,Finish need amount let population chance too.
Joshua Riley,peggy26@example.org,Rate throw speech increase food.
Gary Griffin,nicole36@example.com,Deal would success if.
Timothy Wilson,leewilliam@example.net,Check how language space event home report movie.
Dale Watson,amyevans@example.org,Treatment four nice seven.
Jill Everett,allenlindsay@example.org,Mean central plant stay space market.
Kathleen Chambers,wayne71@example.com,Tree condition on effect serve thing.
Norman Combs,jennifershepherd@example.com,Employee word have their.
Michael Davis,kelsey14@example.org,Various often candidate political side modern hit.
Ms. Amber Arnold,ritterchad@example.org,Behavior two trouble wall step accept always.
Alexa Gill,joy25@example.com,Really theory source.
Robert Walker,lambertgeorge@example.com,Enter executive raise lay note room think.
Randy Taylor,courtneyadams@example.org,Action serious land defense college.
Eduardo Foster,joseph15@example.net,Decision tax yard civil return lot.
Belinda Morales,gibsonjennifer@example.com,Offer thousand none couple.
Carrie Fisher,keykatherine@example.org,Week establish like study financial state.
Kimberly Jenkins,jenniferwalker@example.net,Give area history explain foreign begin.
Emily Bush,woodsdebbie@example.net,Nation wind test rate bit their performance.
Misty Brewer,matthewgutierrez@example.com,May adult quality low report.
Nicole Gonzalez,lberry@example.org,From past thought street hear debate hand world.
Trevor Perez,lowesamuel@example.org,Life red industry ten.
Olivia Hamilton,wjohnson@example.net,Method sing respond director good.
Michael Turner,geoffreyholt@example.com,Picture international consumer child guy fear play.
Katherine Rich,cmcguire@example.net,Easy somebody beyond would start per.
Linda Mcmillan,stephen84@example.org,Collection win past per.
Joanna Mcgrath,nguyenedwin@example.net,However report art discuss.
Lauren Ramos,amysanchez@example.net,Individual analysis interesting leader page item.
Larry Carpenter,elizabeth34@example.net,New professor prove.
Matthew Cook,harperandrew@example.com,Language fish suffer real.
Donna Simon,lewismegan@example.net,Economic capital also election two which.
Daniel White,xowens@example.com,Where gas fact sport.
Gina Smith,scarson@example.org,Still let really painting myself series.
Misty Williams,wesley56@example.org,Cultural give now sometimes able everyone.
Claire Wilson,hwilliams@example.org,Young community relationship firm.
Anthony Wilson,riverajenna@example.org,Maybe media hair through.
Samantha Walls,reneehenderson@example.org,Marriage cup cause five sea find.
Brittany Olson,naguirre@example.net,May research difference.
Zachary Cole,michelle93@example.org,Myself expert alone.
Lisa Lopez,nicole30@example.org,Customer several social.
Martin Anderson,seanowens@example.net,Important give smile current control.
Erica Nguyen,zcunningham@example.com,Street way public dream here main.
Keith Alexander,qmorrow@example.com,Laugh good more fast specific glass heavy.
Leslie Willis,rodriguezkenneth@example.org,Become collection go skin seem.
Isaiah Dominguez,jamiemartinez@example.net,Now politics rather cell.
Shane Moon,michael46@example.net,Shoulder cultural medical magazine piece environment.
Barbara Woods,wandamartinez@example.org,Man people serve majority.
Jennifer Grimes,daniel33@example.net,His teacher you develop stock.
Christian Huang,jenniferkoch@example.org,Anyone figure example service office education ahead.
Donna Sanchez,sgarza@example.com,Word stock spring offer know off really.
Marcus Webster,freemantonya@example.com,For phone his painting nation.
Alicia Shaw,larryhines@example.org,Back eight not try also ready there.
Teresa Rice,zmartinez@example.org,Compare oil region religious happen yes environmental.
Kaitlyn Hamilton,grice@example.com,Easy member discover window star soldier fact.
Bryan Salazar,sedwards@example.net,Level member article.
Michael Johnson,xcarter@example.net,Expert ago scene prepare act per.
Frances Wells,rodriguezmegan@example.net,College single apply.
Susan Hansen,welchjennifer@example.com,How finally officer class production.
Danielle Franklin,katherinecole@example.net,Pick why analysis couple rich would.
Melissa Wilson,millervicki@example.org,Various speak table age on.
Christopher Patterson,anthonyfry@example.com,Item unit worry smile parent.
Gina Little,smithmichael@example.org,Happen store agreement include.
Kathleen Hill,zbailey@example.com,Thus car green learn since.
Diana Mason,jwilliams@example.com,Wonder pretty third program alone goal form then.
Paige Hoover,cynthiawilliams@example.net,Produce relate since Mrs.
Shawn Moyer,stephaniebrown@example.org,Thus this so think miss animal.
Trevor Clark,pittmancody@example.org,According radio bring best magazine.
Christine Ortiz,lance37@example.org,Well newspaper claim look.
Carrie Khan,jeremy86@example.org,Finally special investment least half travel.
Jimmy Brown,joannasmith@example.com,Guess market man far great international pay.
Jason Smith,ericksongary@example.com,Certainly financial way inside.
William Jackson,josephsmith@example.net,Long return respond.
Stephanie Collins,ibailey@example.com,Left range while base.
Sean Hill,macdonaldpatricia@example.net,At artist body poor end agent leg.
Tracey Cannon,ellisjames@example.net,Relate grow operation.
Jessica Wu,kromero@example.com,Bring may various walk discuss speak.
Wanda Johns,stephengreen@example.org,Sign various kid amount claim.
Brian Henderson,tiffanybrown@example.com,Agency board these community.
Sean Oconnor,wallacejulie@example.com,Around financial responsibility whose democratic available.
Christopher Rodriguez,danieljanet@example.com,Something space nice structure her bank card.
Samantha Morrow,alyssa30@example.com,Those especially perhaps law cost.
Ronald Keith,shannonmorales@example.com,Officer again item country simply race which.
Arthur Sherman,sarah78@example.org,Necessary program safe information serious ever job.
Timothy Richardson,michaeltaylor@example.org,So before level physical exactly politics plant.
Jillian Cooper,angela88@example.org,Job other vote myself any if.
Kyle Bailey,ylewis@example.com,Name rule dream rather benefit.
Karen Nunez MD,maureen30@example.org,Life yard will skin audience with until.
Ashley King,william87@example.org,Its particularly research present.
Nancy Juarez,whitneypruitt@example.com,Remember may cold return.
Barbara Sanchez,krios@example.com,Moment to coach possible example hard member minute.
Mark Hanson,clayton67@example.com,Sense only establish garden.
Andrea Watson,ashleymathews@example.org,Pull difficult unit son morning.
Travis Jacobs,charles23@example.com,Finally lead however street suffer.
Joshua Mckenzie,taylorsamuel@example.net,Economic tell significant develop.
Angela Gonzalez,fcantu@example.com,You model use.
Christopher Moran,millerjasmine@example.net,Public who our plant effect final behind.
Rebecca Mcneil,patrickhernandez@example.net,Analysis professor generation everybody down value.
Mrs. Lori Randall,parsonsbrendan@example.com,Degree candidate force.
Margaret Simon,kyle55@example.com,Positive much this customer listen.
Ryan Jackson,cingram@example.net,Lose country current military present model attorney.
Tammy Nelson,christophergreen@example.net,Possible key early task.
Rebekah Phillips,zachary70@example.net,Thousand data as want employee.
Jeffrey Conrad,cory79@example.net,Natural perhaps possible turn skill.
Brent Johnson,richard13@example.net,However decade official power firm Congress main.
William Fritz,thomassharp@example.com,Budget most nothing usually.
Karen Turner,ruben82@example.org,White anyone before chance.
Patrick Martinez,randybartlett@example.net,Direction space shake ground turn continue agency.
Jeremiah Soto,nancycarson@example.net,Standard later book church wonder.
Katherine Scott,jennifer62@example.net,Kind about strong tend organization consumer.
Brandi Stewart,charles45@example.net,Place generation design choice great.
Nathan Bernard,clarkdawn@example.net,Under treat together.
Eric Martin,veronicasmith@example.net,Public budget law between.
Yvette Guzman,michaelmunoz@example.org,Ahead participant consider owner same analysis dog score.
Christy Hall,tabitha87@example.com,Hand international law song customer.
Kari Collins,briannapatterson@example.org,Break scene matter address.
Allen Sanchez,kelli87@example.org,Significant indicate of so.
Ryan Mata,gmooney@example.com,Party marriage process police growth.
Lori Garza,maryjackson@example.com,Herself lawyer skin sit coach.
Julie Daniel,joshualyons@example.com,Happen me choose director treatment drop single area.
Tami Villanueva,wongveronica@example.com,Or item use future participant bad.
Kimberly Garcia,angela38@example.net,Plant mouth party and exist win sea.
Gregory Young,patrick53@example.org,Develop start parent response fight north step.
Matthew Mora,annarowe@example.org,Especially life language again history both charge media.
Adam Fernandez,manuelfernandez@example.com,Suffer forget system investment of investment.
Dominique Patel,wcarter@example.org,First pattern six student these on.
Jared Henson,ghester@example.com,Fire point the local hear interesting owner far.
Amanda Harris,andrewshaffer@example.com,Heart hour last Republican lead piece law.
Brad West,kellypaul@example.org,Generation thousand population its interview.
Joseph Guerrero,ann64@example.org,Arrive street prove study his stuff major music.
Jennifer King,michael90@example.com,At according morning send reason before worker.
Joy Jenkins,yedwards@example.org,Argue able top share three sure.
Erin Rodriguez,johnsondiane@example.net,Shake first second try lawyer Mr.
Stephen Ramos,shelly59@example.com,Kind no one stock and coach.
Abigail Benitez,allenryan@example.net,Seek year money full term.
Christine Roberts,willie18@example.net,Discussion they wonder painting total suggest minute.
Kyle Moreno,lesliestevenson@example.com,Management old deal maintain this room.
Jackie Hernandez,dfischer@example.com,Exactly though population spend painting hair us.
Carolyn Wilson,benjaminclayton@example.com,Recent decide back physical rich within meet.
David Petty,qwallace@example.com,Nothing institution almost exist.
Henry Perry,eharrison@example.net,Move coach change change building.
Brenda Campbell,gary71@example.net,Management save television have down song.
Whitney Wright,chris70@example.com,Agreement personal personal property thing.
Susan Lewis,alicefitzgerald@example.com,Somebody friend society six left.
Jonathan Ayala,brittany19@example.org,Production figure only listen.
Ian Mitchell,chrisjames@example.org,Almost billion protect time.
Adam Ray,ronald31@example.com,Minute travel describe million brother environmental trouble.
Bruce Stephens MD,pamelacampbell@example.net,Many heart interesting someone small pressure.
Morgan Gonzalez,conwaykaren@example.org,Attack despite although you none soon.
Gary Peterson,meghankeller@example.org,Friend factor whatever science television.
Matthew Owens,leslie99@example.com,Base name history campaign night girl where.
Kelly Wang,abigailbennett@example.org,Still somebody green threat.
Lauren Gillespie,susan63@example.com,Factor table big although expect such level.
Valerie Johnston,jennifermiller@example.org,Main somebody north without.
Susan Liu,farrelllaura@example.net,Other according season a.
Melissa Gilmore,ryan91@example.com,Six here necessary stay outside upon.
Mary Hunter,carteremily@example.org,Baby throughout tend per continue chance difference.
Malik Hopkins,zerickson@example.org,Better book decade increase economy firm.
Robert Morrison,jimmyherrera@example.net,Admit well my floor.
Krystal Maldonado,zacharylopez@example.net,Senior indeed while.
Christopher Ross,chapmansherry@example.net,Report close prepare film market information agree.
Charles Lewis DDS,lukethomas@example.com,Reason return event local world opportunity attention.
Nicholas Morrison,alipaige@example.com,Reach financial way another speech control tonight.
David Stanley,mckinneyjonathan@example.com,Admit adult trip conference.
Jason Colon,andrewturner@example.net,For mention home.
Michael Burns,ortegamorgan@example.net,Ten either return bad particular.
Cheryl Padilla,steven16@example.org,Require shake hope notice.
Jessica Hicks,corey08@example.com,Imagine discover newspaper.
Cathy Beltran,timothyperez@example.com,Hour treatment white.
Sherry Whitehead,bentonmaria@example.com,Training choice shake anyone quickly next a.
Brandon Smith,nicholasroberts@example.net,Strong lawyer at major light officer.
Hunter Andrews,garybaxter@example.net,Sea try describe.
Francis Brown,littlerachel@example.net,Look culture great quite account stock effort.
David Mclean,carlapatterson@example.org,Ten trouble art prevent part color.
Steven Gonzalez,wellsjohn@example.org,Focus south score difficult.
Antonio Hunt,leestephanie@example.org,Collection especially even find huge war.
Angel Rivera,george33@example.org,Outside section hundred again budget.
Monica Austin,joanne86@example.com,College analysis city research step might.
Joshua Cooper,frederickpadilla@example.com,Option you cup under.
Andrew Barnes PhD,hector21@example.org,Site down just today opportunity spend where.
James Lee,okeller@example.net,Your hope market trial future community guy authority.
Gregory Evans,kennethmartinez@example.org,Over thousand become PM culture statement Congress.
Timothy Barajas,ppeterson@example.com,Response government military all former all.
Roberta Sandoval,elaineyoung@example.org,South war show power.
Mary Smith,alicia72@example.com,Miss capital against control record.
Jordan Freeman Jr.,ubrown@example.net,Interest picture hit growth.
Brenda Lindsey,christensenstacy@example.org,Interview leader fly term decade look.
Heather Gilbert,nicole20@example.com,Case finish lay admit.
Michele Morgan,rhoward@example.net,Middle close stop term wife.
Debbie Ortega,michellehouse@example.net,Claim walk indicate.
Daniel Poole,chapmanholly@example.net,Yeah full study.
Rodney Bender,rkirby@example.net,Capital ask film huge last standard network attention.
Krystal Hill,cynthiawilson@example.org,Throughout site according really worker there crime.
Lori Smith,ryan26@example.org,Enter final growth should college need drive six.
Mrs. Kara West,kristina48@example.net,Have series hour nation might.
Scott Levy,fellison@example.org,Begin we present most leader pay cold.
Matthew Smith,karen50@example.net,Son near health air.
Dr. Kimberly Matthews DVM,mfreeman@example.net,Old similar father class choice purpose drive begin.
Anthony Weaver,jefferyprice@example.net,Exist success card else everyone budget when.
Ernest Roberts,michaelpacheco@example.com,National without young important process.
Diane Lewis,vmarshall@example.com,If edge give civil difference tell.
Sara Rowland,norman12@example.com,Station option now take number else black family.
John Ross,imontgomery@example.org,Involve remember shoulder decade political.
Molly Richards,hollandkrystal@example.net,Time position institution could hour.
Brenda Bell,juliecole@example.com,Billion truth Mrs like mother admit.
Thomas Leon,choward@example.com,Evidence institution low should.
Jordan Wilson,xray@example.com,Finally season prove science.
Aaron Peterson,chadclark@example.net,Figure wide list list boy.
Melissa Wiggins,vaughnjacqueline@example.org,Agent make yard.
Richard Cain,robertmartin@example.com,Own source cut program international fund thing.
Carlos Church,vcarr@example.net,Right reason become collection guy.
Andrea Hanna,jmercer@example.net,Size recognize fall.
Craig Rogers,ramseythomas@example.net,Budget piece place hair tell she class.
Andrea Williams,rebecca00@example.net,Tell look weight painting sister civil matter any.
Jonathan Larsen,shawnmendoza@example.org,Move my lay live media.
Susan Ball,dfischer@example.com,Laugh than anything reason trade.
Jeremy Black,john77@example.org,Relationship each pattern fly soon.
Angela Bryant,zbarry@example.net,Win too a pull.
Ryan Molina,burtonjonathan@example.com,Cold lot strong wonder.
Brianna Johnston,heather21@example.org,Election road floor guy serve relate.
Scott Lee,emarshall@example.com,Enough theory half black word sea.
Tyler Harris,nicole74@example.com,Way eye west television number agreement happy field.
Emma Washington,brooksjeremy@example.org,Specific decade training.
Nicole Jones,amyneal@example.net,Thank certain what coach itself strategy read.
Brandon Booth,oandrews@example.com,Remember team around by.
Brian Villa,andrewestrada@example.net,Response technology scene west always seem stock.
Paul Greene,uvilla@example.com,Answer few draw quickly decide population know.
Marcus Black,iluna@example.org,Certain method nature fight develop moment.
Amy Henderson,ublackwell@example.com,Send team painting three happy exactly film.
Jacob Herrera,stevengilbert@example.com,Level edge water my ball.
Cynthia Arnold,vdavenport@example.net,However network common company local.
Marissa Burns,elawson@example.org,Leader expert hard.
Angel Lee,bcunningham@example.com,You serious whom generation reach town.
Patricia Thompson,jwilliams@example.net,Economic protect computer speech.
Jessica Smith,shannonanthony@example.net,Yet necessary point much cup call.
Jacqueline Nguyen,ksullivan@example.com,Admit hold movie company reach despite catch bar.
Devin Todd,astewart@example.net,Threat if statement official.
Gary Hardy,boothdamon@example.org,Where single crime turn western shoulder.
Jennifer Campos,maria80@example.org,Although check return guy.
Kim Jones,jnewman@example.org,Hotel power travel speech early raise enter.
Paul Lee,michael52@example.net,Serve treat discover shoulder effort hair.
Christopher Blanchard,laurensexton@example.org,Concern same check teach south story available.
Jessica Chung,westnatasha@example.com,Chance enough save view long laugh power.
Shawn Carr MD,gomezjackson@example.org,Help half decade area either.
Barbara Bentley,tedwards@example.org,Again cover left place happy international organization rather.
Diane Kim,hartcameron@example.net,Fine heavy staff teacher report vote.
Ricardo Larson,mullinslaura@example.com,World ball air.
Chelsea Miller,john34@example.org,Student us company approach.
Shawn Martinez,mercersamantha@example.com,Within election military man model.
Amanda Cardenas,delacruzlisa@example.net,Responsibility week simply remember everything which.
Patrick Watkins,jason83@example.net,Step culture parent human five style night.
Michael Sexton,jbailey@example.org,Only success which attack specific quickly it.
Holly Stone,whitemark@example.org,Land win perform picture.
Michelle Saunders,robert61@example.net,Voice grow election work near.
Melanie Durham,mariegutierrez@example.org,Party even thing break general.
Edward Roberts,alyssalevine@example.com,Indicate budget job miss former attorney business.
